keywords,docId
vishal,VishalKrYadav-CV.docx
yadav,VishalKrYadav-CV.docx
data,VishalKrYadav-CV.docx
engineer,VishalKrYadav-CV.docx
nvkyadav9748,VishalKrYadav-CV.docx
gmail,VishalKrYadav-CV.docx
8240635077,VishalKrYadav-CV.docx
http,VishalKrYadav-CV.docx
vishalk,VishalKrYadav-CV.docx
nskills,VishalKrYadav-CV.docx
nbig,VishalKrYadav-CV.docx
data,VishalKrYadav-CV.docx
hadoop,VishalKrYadav-CV.docx
spark,VishalKrYadav-CV.docx
kafka,VishalKrYadav-CV.docx
spark,VishalKrYadav-CV.docx
streaming,VishalKrYadav-CV.docx
nmachine,VishalKrYadav-CV.docx
learning,VishalKrYadav-CV.docx
tensorflow,VishalKrYadav-CV.docx
linear,VishalKrYadav-CV.docx
logistic,VishalKrYadav-CV.docx
regression,VishalKrYadav-CV.docx
ndatabase,VishalKrYadav-CV.docx
mysql,VishalKrYadav-CV.docx
couchbase,VishalKrYadav-CV.docx
elasticsearch,VishalKrYadav-CV.docx
solr,VishalKrYadav-CV.docx
cassandra,VishalKrYadav-CV.docx
ncloud,VishalKrYadav-CV.docx
azure,VishalKrYadav-CV.docx
nprogramming,VishalKrYadav-CV.docx
language,VishalKrYadav-CV.docx
java,VishalKrYadav-CV.docx
python,VishalKrYadav-CV.docx
scala,VishalKrYadav-CV.docx
nexperience,VishalKrYadav-CV.docx
projects,VishalKrYadav-CV.docx
nclient,VishalKrYadav-CV.docx
projects,VishalKrYadav-CV.docx
ncampaign,VishalKrYadav-CV.docx
conversion,VishalKrYadav-CV.docx
optimizer,VishalKrYadav-CV.docx
nimage,VishalKrYadav-CV.docx
recognition,VishalKrYadav-CV.docx
using,VishalKrYadav-CV.docx
tensorflow,VishalKrYadav-CV.docx
ndomain,VishalKrYadav-CV.docx
specific,VishalKrYadav-CV.docx
search,VishalKrYadav-CV.docx
engine,VishalKrYadav-CV.docx
bluemix,VishalKrYadav-CV.docx
nanomaly,VishalKrYadav-CV.docx
detection,VishalKrYadav-CV.docx
nnlp,VishalKrYadav-CV.docx
tool,VishalKrYadav-CV.docx
nsearch,VishalKrYadav-CV.docx
engine,VishalKrYadav-CV.docx
using,VishalKrYadav-CV.docx
cognitive,VishalKrYadav-CV.docx
search,VishalKrYadav-CV.docx
azure,VishalKrYadav-CV.docx
npersonal,VishalKrYadav-CV.docx
projects,VishalKrYadav-CV.docx
nobject,VishalKrYadav-CV.docx
detection,VishalKrYadav-CV.docx
using,VishalKrYadav-CV.docx
yolo,VishalKrYadav-CV.docx
model,VishalKrYadav-CV.docx
nreal,VishalKrYadav-CV.docx
time,VishalKrYadav-CV.docx
face,VishalKrYadav-CV.docx
recognition,VishalKrYadav-CV.docx
nplant,VishalKrYadav-CV.docx
disease,VishalKrYadav-CV.docx
detection,VishalKrYadav-CV.docx
nipl,VishalKrYadav-CV.docx
match,VishalKrYadav-CV.docx
prediction,VishalKrYadav-CV.docx
heroku,VishalKrYadav-CV.docx
cloud,VishalKrYadav-CV.docx
nhealth,VishalKrYadav-CV.docx
detection,VishalKrYadav-CV.docx
nrecommendation,VishalKrYadav-CV.docx
system,VishalKrYadav-CV.docx
first,VishalKrYadav-CV.docx
purchase,VishalKrYadav-CV.docx
nproduct,VishalKrYadav-CV.docx
analysis,VishalKrYadav-CV.docx
using,VishalKrYadav-CV.docx
review,VishalKrYadav-CV.docx
neducation,VishalKrYadav-CV.docx
certifications,VishalKrYadav-CV.docx
ncomputer,VishalKrYadav-CV.docx
science,VishalKrYadav-CV.docx
engineering,VishalKrYadav-CV.docx
ninternship,VishalKrYadav-CV.docx
data,VishalKrYadav-CV.docx
components,VishalKrYadav-CV.docx
thirdeye,VishalKrYadav-CV.docx
data,VishalKrYadav-CV.docx
analytics,VishalKrYadav-CV.docx
ndeep,VishalKrYadav-CV.docx
learning,VishalKrYadav-CV.docx
tensorflow,VishalKrYadav-CV.docx
nbasic,VishalKrYadav-CV.docx
data,VishalKrYadav-CV.docx
components,VishalKrYadav-CV.docx
cognitive,VishalKrYadav-CV.docx
classes,VishalKrYadav-CV.docx
